当年日付,前年日付,曜日,当年天気,前年天気,当年予算,当年実績,当年達成率,前年差異,前年実績,当年実績(定価),定価・実績差異,当年客数,前年客数,前年差客,当年客単,前年客単,前差客単
TOTAL,,,‐,‐,0,"665,261",0%,103%,645750,"666,107",846,480,537,89%,"1,386",1203,115%
20210201,20200203,月,‐,‐,0,0,0%,0%,0,0,0,0,0,0%,0,0,0%
20210202,20200204,火,曇り,‐,0,"9,967",0%,0%,0,"9,967",0,9,0,0%,"1,107",0,0%
20210203,20200205,水,晴れ,‐,0,"12,922",0%,0%,0,"12,922",0,12,0,0%,"1,077",0,0%
20210204,20200206,木,晴れ,‐,0,"19,122",0%,0%,0,"19,122",0,16,0,0%,"1,195",0,0%
20210205,20200207,金,晴れ,‐,0,"74,715",0%,0%,0,"75,415",700,42,0,0%,"1,779",0,0%
20210206,20200208,土,晴れ,‐,0,"46,914",0%,0%,0,"46,914",0,28,0,0%,"1,676",0,0%
20210207,20200209,日,‐,‐,0,0,0%,0%,0,0,0,0,0,0%,0,0,0%
MD6週,,,‐,‐,0,"163,640",0%,0%,0,"164,340",700,107,0,0%,"1,529",0,0%
20210208,20200210,月,曇り,‐,0,"21,708",0%,0%,0,"21,708",0,9,0,0%,"2,412",0,0%
20210209,20200211,火,晴れ,‐,0,"31,727",0%,0%,0,"31,727",0,19,0,0%,"1,670",0,0%
20210210,20200212,水,快晴,‐,0,"38,045",0%,0%,0,"38,045",0,33,0,0%,"1,153",0,0%
20210211,20200213,木,快晴,‐,0,"90,555",0%,0%,0,"90,555",0,26,0,0%,"3,483",0,0%
20210212,20200214,金,曇り,‐,0,"68,609",0%,0%,0,"68,609",0,29,0,0%,"2,366",0,0%
20210213,20200215,土,晴れ,‐,0,"130,654",0%,0%,0,"131,004",350,50,0,0%,"2,613",0,0%
20210214,20200216,日,‐,‐,0,0,0%,0%,0,0,0,0,0,0%,0,0,0%
MD7週,,,‐,‐,0,"381,298",0%,0%,0,"381,648",350,166,0,0%,"2,297",0,0%
20210215,20200217,月,‐,‐,0,0,0%,0%,0,0,0,0,0,0%,0,0,0%
20210216,20200218,火,晴れ,‐,0,"27,533",0%,0%,0,"27,533",0,25,0,0%,"1,101",0,0%
20210217,20200219,水,晴れ,‐,0,"87,489",0%,0%,0,"87,489",0,38,0,0%,"2,302",0,0%
20210218,20200220,木,晴れ,‐,0,"36,438",0%,0%,0,"36,438",0,28,0,0%,"1,301",0,0%
20210219,20200221,金,快晴,‐,0,"28,493",0%,0%,0,"28,493",0,23,0,0%,"1,239",0,0%
20210220,20200222,土,快晴,‐,0,"81,864",0%,0%,0,"82,963","1,099",35,0,0%,"2,339",0,0%
20210221,20200223,日,‐,‐,0,0,0%,0%,0,0,0,0,0,0%,0,0,0%
MD8週,,,‐,‐,0,"261,817",0%,0%,0,"262,916","1,099",149,0,0%,"1,757",0,0%
20210222,20200224,月,快晴,‐,0,"23,187",0%,0%,0,"23,517",330,18,0,0%,"1,288",0,0%
20210223,20200225,火,‐,‐,0,0,0%,0%,0,0,0,0,0,0%,0,0,0%
20210224,20200226,水,曇り,‐,0,"16,482",0%,0%,0,"16,482",0,12,0,0%,"1,374",0,0%
20210225,20200227,木,曇り,‐,0,"27,470",0%,0%,0,"27,670",200,19,0,0%,"1,446",0,0%
20210226,20200228,金,快晴,‐,0,"20,607",0%,0%,0,"20,607",0,18,0,0%,"1,145",0,0%
20210227,20200229,土,曇り,‐,0,"34,877",0%,0%,0,"34,877",0,24,0,0%,"1,453",0,0%
20210228,20200301,日,‐,‐,0,0,0%,0%,0,0,0,0,0,0%,0,0,0%
MD9週,,,‐,‐,0,"122,623",0%,0%,0,"123,153",530,91,0,0%,"1,348",0,0%
20210301,20200302,月,‐,‐,0,0,0%,0%,0,0,0,0,0,0%,0,0,0%
20210302,20200303,火,曇り,‐,0,"26,422",0%,0%,0,"26,664",242,21,0,0%,"1,258",0,0%
20210303,20200304,水,晴れ,‐,0,"26,394",0%,0%,0,"27,594","1,200",24,0,0%,"1,100",0,0%
20210304,20200305,木,曇り,‐,0,"27,931",0%,0%,0,"27,931",0,20,0,0%,"1,397",0,0%
20210305,20200306,金,曇り,‐,0,"36,446",0%,0%,0,"37,446","1,000",29,0,0%,"1,257",0,0%
20210306,20200307,土,曇り,‐,0,"53,984",0%,0%,0,"53,984",0,28,0,0%,"1,928",0,0%
20210307,20200308,日,‐,‐,0,0,0%,0%,0,0,0,0,0,0%,0,0,0%
MD10週,,,‐,‐,0,"171,177",0%,0%,0,"173,619","2,442",122,0,0%,"1,403",0,0%
20210308,20200309,月,雨,‐,0,"20,137",0%,0%,0,"20,137",0,15,0,0%,"1,342",0,0%
20210309,20200310,火,曇り,‐,0,"21,544",0%,0%,0,"21,544",0,18,0,0%,"1,197",0,0%
20210310,20200311,水,快晴,‐,0,"22,881",0%,0%,0,"25,281","2,400",16,0,0%,"1,430",0,0%
20210311,20200312,木,快晴,‐,0,"21,824",0%,0%,0,"21,824",0,19,0,0%,"1,149",0,0%
20210312,20200313,金,曇り,‐,0,"37,497",0%,0%,0,"37,497",0,32,0,0%,"1,172",0,0%
20210313,20200314,土,曇り,‐,0,"17,622",0%,0%,0,"17,622",0,13,0,0%,"1,356",0,0%
20210314,20200315,日,‐,‐,0,0,0%,0%,0,0,0,0,0,0%,0,0,0%
MD11週,,,‐,‐,0,"141,505",0%,0%,0,"143,905","2,400",113,0,0%,"1,252",0,0%
20210315,20200316,月,‐,‐,0,0,0%,0%,0,0,0,0,0,0%,0,0,0%
20210316,20200317,火,曇り,‐,0,"31,285",0%,0%,0,"31,285",0,27,0,0%,"1,159",0,0%
20210317,20200318,水,晴れ,‐,0,"28,798",0%,0%,0,"28,798",0,18,0,0%,"1,600",0,0%
20210318,20200319,木,晴れ,‐,0,"34,034",0%,0%,0,"34,034",0,30,0,0%,"1,134",0,0%
20210319,20200320,金,曇り,‐,0,"25,979",0%,0%,0,"25,979",0,18,0,0%,"1,443",0,0%
20210320,20200321,土,‐,‐,0,0,0%,0%,0,0,0,0,0,0%,0,0,0%
20210321,20200322,日,‐,‐,0,0,0%,0%,0,0,0,0,0,0%,0,0,0%
MD12週,,,‐,‐,0,"120,096",0%,0%,0,"120,096",0,93,0,0%,"1,291",0,0%
20210322,20200323,月,曇り,‐,0,"28,705",0%,0%,0,"28,705",0,22,0,0%,"1,305",0,0%
20210323,20200324,火,晴れ,‐,0,"57,454",0%,0%,0,"57,454",0,43,0,0%,"1,336",0,0%
20210324,20200325,水,晴れ,‐,0,"60,034",0%,0%,0,"60,034",0,44,0,0%,"1,364",0,0%
20210325,20200326,木,雨,‐,0,"23,353",0%,0%,0,"23,353",0,19,0,0%,"1,229",0,0%
20210326,20200327,金,快晴,‐,0,"48,398",0%,0%,0,"48,398",0,38,0,0%,"1,274",0,0%
20210327,20200328,土,快晴,‐,0,"130,133",0%,0%,0,"130,133",0,73,0,0%,"1,783",0,0%
20210328,20200329,日,‐,‐,0,0,0%,0%,0,0,0,0,0,0%,0,0,0%
MD13週,,,‐,‐,0,"348,077",0%,0%,0,"348,077",0,239,0,0%,"1,456",0,0%
20210329,20200330,月,曇り,‐,0,"46,405",0%,0%,0,"46,405",0,41,0,0%,"1,132",0,0%
20210330,20200331,火,曇り,‐,0,"32,446",0%,0%,0,"32,446",0,26,0,0%,"1,248",0,0%
20210331,20200401,水,晴れ,‐,0,"58,769",0%,0%,0,"58,769",0,46,0,0%,"1,278",0,0%
MD14週,,,‐,‐,0,"173,666",0%,0%,0,"174,766",1100,123,0,0%,"1,412",0,0%
20210401,20200402,木,曇り,‐,0,"82,889",0%,0%,0,"83,989",1100,57,0,0%,"1,454",0,0%
20210402,20200403,金,曇り,‐,0,"44,565",0%,0%,0,"44,565",0,33,0,0%,"1,350",0,0%
20210403,20200404,土,晴れ,‐,0,"46,212",0%,0%,0,"46,212",0,33,0,0%,"1,400",0,0%
20210404,20200405,日,‐,‐,0,0,0%,0%,0,0,0,0,0,0%,0,0,0%
20210405,20200406,月,‐,‐,0,0,0%,0%,0,0,0,0,0,0%,0,0,0%
20210406,20200407,火,曇り,‐,0,"28,439",0%,0%,0,"28,439",0,22,0,0%,"1,293",0,0%
20210407,20200408,水,曇り,‐,0,"31,167",0%,0%,0,"31,167",0,27,0,0%,"1,154",0,0%
20210408,20200409,木,曇り,‐,0,"36,438",0%,0%,0,"39,438","3,000",33,0,0%,"1,104",0,0%
20210409,20200410,金,晴れ,‐,0,"73,968",0%,0%,0,"74,168",200,51,0,0%,"1,450",0,0%
20210410,20200411,土,曇り,‐,0,"64,507",0%,0%,0,"64,507",0,33,0,0%,"1,955",0,0%
20210411,20200412,日,‐,‐,0,0,0%,0%,0,0,0,0,0,0%,0,0,0%
MD15週,,,‐,‐,0,"234,519",0%,0%,0,"237,719","3,200",166,0,0%,"1,413",0,0%
20210412,20200413,月,曇り,‐,0,"41,906",0%,0%,0,"41,906",0,31,0,0%,"1,352",0,0%
20210413,20200414,火,雨,‐,0,"48,434",0%,0%,0,"48,434",0,34,0,0%,"1,425",0,0%
20210414,20200415,水,霧,‐,0,"25,854",0%,0%,0,"25,854",0,20,0,0%,"1,293",0,0%
20210415,20200416,木,晴れ,雨,0,"38,252",0%,0%,0,"38,252",0,37,0,0%,"1,034",0,0%
20210416,20200417,金,雨,曇り,0,"64,211",0%,0%,0,"64,211",0,40,0,0%,"1,605",0,0%
20210417,20200418,土,雨,‐,0,"27,144",0%,0%,0,"27,144",0,13,0,0%,"2,088",0,0%
20210418,20200419,日,‐,‐,0,0,0%,0%,0,0,0,0,0,0%,0,0,0%
MD16週,,,‐,‐,0,"245,801",0%,0%,0,"245,801",0,175,0,0%,"1,405",0,0%
20210419,20200420,月,‐,にわか雨,0,0,0%,0%,0,0,0,0,0,0%,0,0,0%
20210420,20200421,火,晴れ,‐,0,"75,184",0%,0%,0,"76,184","1,000",33,0,0%,"2,278",0,0%
20210421,20200422,水,晴れ,‐,0,"29,040",0%,0%,0,"29,040",0,27,0,0%,"1,076",0,0%
20210422,20200423,木,快晴,‐,0,"38,337",0%,0%,0,"38,337",0,29,0,0%,"1,322",0,0%
20210423,20200424,金,曇り,晴れ,0,"41,407",0%,0%,0,"41,407",0,35,0,0%,"1,183",0,0%
20210424,20200425,土,曇り,晴れ,0,"36,373",0%,186.29%,"19,525","36,803",430,21,13,161.54%,"1,732","1,502",115.32%
20210425,20200426,日,‐,‐,0,0,0%,0%,0,0,0,0,0,0%,0,0,0%
MD17週,,,‐,‐,0,"220,341",0%,1128.51%,"19,525","221,771","1,430",145,13,1115.38%,"1,520","1,502",101.18%
20210426,20200427,月,晴れ,にわか雨,0,"27,243",0%,330.22%,"8,250","27,243",0,24,8,300%,"1,135","1,031",110.07%
20210427,20200428,火,曇り,曇り,0,"23,805",0%,130.42%,"18,253","23,805",0,21,8,262.5%,"1,134","2,282",49.68%
20210428,20200429,水,曇り,‐,0,"18,577",0%,0%,0,"18,577",0,17,0,0%,"1,093",0,0%
20210429,20200430,木,‐,曇り,0,0,0%,0%,"16,898",0,0,0,9,0%,0,"1,878",0%
20210430,20200501,金,‐,‐,0,0,0%,0%,0,0,0,0,0,0%,0,0,0%
MD18週,,,‐,‐,0,0,0%,0.00%,0,0,0,0,0,0%,0,0,0.00%
20210501,20200502,土,‐,‐,0,0,0%,0.00%,0,0,0,0,0,0%,0,0,0.00%
20210502,20200503,日,‐,‐,0,0,0%,0%,0,0,0,0,0,0%,0,0,0%
20210503,20200504,月,‐,‐,0,0,0%,0%,0,0,0,0,0,0%,0,0,0%
20210504,20200505,火,‐,‐,0,0,0%,0%,0,0,0,0,0,0%,0,0,0%
20210505,20200506,水,‐,‐,0,0,0%,0%,0,0,0,0,0,0%,0,0,0%
20210506,20200507,木,曇り,晴れ,0,"25,495",0%,158.27%,"16,109","25,495",0,22,11,200%,"1,159","1,464",79.13%
20210507,20200508,金,曇り,曇り,0,"10,120",0%,101.27%,"9,993","10,120",0,9,10,90%,"1,124",999,112.52%
20210508,20200509,土,曇り,曇り,0,"13,885",0%,99.66%,"13,932","13,885",0,12,11,109.09%,"1,157","1,267",91.36%
20210509,20200510,日,‐,‐,0,0,0%,0%,0,0,0,0,0,0%,0,0,0%
MD19週,,,‐,‐,0,"49,500",0%,123.64%,"40,034","49,500",0,43,32,134.38%,"1,151","1,251",92.01%
20210510,20200511,月,曇り,曇り,0,"17,543",0%,77.72%,"22,572","17,543",0,14,12,116.67%,"1,253","1,881",66.62%
20210511,20200512,火,曇り,晴れ,0,"22,532",0%,263.84%,"8,540","22,532",0,21,7,300%,"1,073","1,220",87.95%
20210512,20200513,水,曇り,晴れ,0,"27,311",0%,462.58%,"5,904","27,311",0,24,6,400%,"1,138",984,115.65%
20210513,20200514,木,曇り,晴れ,0,"16,645",0%,94.56%,"17,602","16,645",0,12,8,150%,"1,387","2,200",63.04%
20210514,20200515,金,曇り,曇り,0,"55,696",0%,452.7%,"12,303","55,696",0,36,9,400%,"1,547","1,367",113.18%
20210515,20200516,土,曇り,曇り,0,"51,667",0%,2205.16%,"2,343","51,867",200,29,2,1450%,"1,782","1,172",152.08%
20210516,20200517,日,‐,‐,0,0,0%,0%,0,0,0,0,0,0%,0,0,0%
MD20週,,,‐,‐,0,"191,394",0%,276.33%,"69,264","191,594",200,136,44,309.09%,"1,407","1,574",89.4%
20210517,20200518,月,‐,雨,0,0,0%,0%,"2,952",0,0,0,3,0%,0,984,0%
20210518,20200519,火,曇り,にわか雨,0,"36,099",0%,703.14%,"5,134","36,099",0,33,5,660%,"1,094","1,027",106.54%
20210519,20200520,水,雨,曇り,0,"20,002",0%,134.5%,"14,871","20,002",0,19,14,135.71%,"1,053","1,062",99.11%
20210520,20200521,木,曇り,曇り,0,"23,317",0%,126.7%,"18,404","23,317",0,21,17,123.53%,"1,110","1,083",102.56%
20210521,20200522,金,雨,曇り,0,"20,112",0%,131.2%,"15,329","20,112",0,18,16,112.5%,"1,117",958,116.62%
20210522,20200523,土,雨,曇り,0,"27,237",0%,148.67%,"18,320","27,237",0,15,11,136.36%,"1,816","1,665",109.03%
20210523,20200524,日,‐,‐,0,0,0%,0%,0,0,0,0,0,0%,0,0,0%
MD21週,,,‐,‐,0,"126,767",0%,169%,"75,010","126,767",0,106,66,160.61%,"1,196","1,137",105.23%
20210524,20200525,月,曇り,曇り,0,"27,940",0%,269.33%,"10,374","27,940",0,26,9,288.89%,"1,075","1,153",93.23%
20210525,20200526,火,曇り,曇り,0,"30,947",0%,312.69%,"9,897","30,947",0,28,8,350%,"1,105","1,237",89.34%
20210526,20200527,水,曇り,曇り,0,"36,848",0%,243.9%,"15,108","36,848",0,31,13,238.46%,"1,189","1,162",102.28%
20210527,20200528,木,曇り,曇り,0,"15,125",0%,130.33%,"11,605","15,125",0,13,11,118.18%,"1,163","1,055",110.28%
20210528,20200529,金,曇り,雨,0,"62,200",0%,192.22%,"32,359","62,200",0,34,21,161.9%,"1,829","1,541",118.72%
20210529,20200530,土,曇り,曇り,0,"25,243",0%,321.65%,"7,848","25,243",0,14,7,200%,"1,803","1,121",160.82%
20210530,20200531,日,‐,‐,0,0,0%,0%,0,0,0,0,0,0%,0,0,0%
MD22週,,,‐,‐,0,"198,303",0%,227.44%,"87,191","198,303",0,146,69,211.59%,"1,358","1,264",107.49%
20210531,20200601,月,曇り,雨,0,"33,787",0%,188.81%,"17,895","33,946",159,30,13,230.77%,"1,126","1,377",81.82%
MD23週,,,‐,‐,0,"151,674",0%,68.61%,"221,072","151,674",0,122,121,100.83%,"1,243","1,827",68.05%
20210601,20200602,火,曇り,雨,0,"22,477",0%,23.60%,"95,261","22,477",0,20,31,64.52%,"1,124","3,073",36.57%
20210602,20200603,水,曇り,曇り,0,"34,430",0%,145.91%,"23,597","34,430",0,32,21,152.38%,"1,076","1,124",95.75%
20210603,20200604,木,曇り,曇り,0,"34,353",0%,63.78%,"53,865","34,353",0,31,31,100%,"1,108","1,738",63.78%
20210604,20200605,金,曇り,晴れ,0,"13,787",0%,46.22%,"29,831","13,787",0,13,22,59.09%,"1,061","1,356",78.21%
20210605,20200606,土,曇り,曇り,0,"46,627",0%,400.47%,"11,643","46,627",0,26,9,288.89%,"1,793","1,294",138.63%
20210606,20200607,日,‐,曇り,0,0,0%,0%,"6,875",0,0,0,7,0%,0,982,0%
20210607,20200608,月,‐,曇り,0,0,0%,0%,"68,696",0,0,0,30,0%,0,"2,290",0%
20210608,20200609,火,快晴,曇り,0,"44,037",0%,116.6%,"37,766","44,037",0,40,17,235.29%,"1,101","2,222",49.56%
20210609,20200610,水,晴れ,晴れ,0,"30,066",0%,146.02%,"20,591","30,066",0,26,18,144.44%,"1,156","1,144",101.09%
20210610,20200611,木,晴れ,曇り,0,"17,417",0%,50.99%,"34,156","17,417",0,16,22,72.73%,"1,089","1,553",70.11%
20210611,20200612,金,曇り,曇り,0,"26,915",0%,116.23%,"23,156","26,915",0,22,21,104.76%,"1,223","1,103",110.95%
20210612,20200613,土,曇り,にわか雨,0,"55,495",0%,227.77%,"24,365","55,495",0,28,19,147.37%,"1,982","1,282",154.55%
20210613,20200614,日,‐,‐,0,0,0%,0%,0,0,0,0,0,0%,0,0,0%
MD24週,,,‐,‐,0,"173,930",0%,83.33%,"208,730","173,930",0,132,127,103.94%,"1,318","1,644",80.17%
20210614,20200615,月,雨,曇り,0,"37,537",0%,184.12%,"20,387","37,537",0,27,14,192.86%,"1,390","1,456",95.47%
20210615,20200616,火,曇り,曇り,0,"33,959",0%,221.56%,"15,327","33,959",0,30,14,214.29%,"1,132","1,095",103.4%
20210616,20200617,水,雨,曇り,0,"32,165",0%,90.13%,"35,687","32,165",0,24,22,109.09%,"1,340","1,622",82.62%
20210617,20200618,木,曇り,曇り,0,"30,969",0%,75.99%,"40,756","31,069",100,27,26,103.85%,"1,147","1,568",73.17%
20210618,20200619,金,曇り,雨,0,"32,535",0%,154.44%,"21,066","32,535",0,30,16,187.5%,"1,085","1,317",82.37%
20210619,20200620,土,雨,曇り,0,"16,325",0%,36.87%,"44,275","16,325",0,9,26,34.62%,"1,814","1,703",106.52%
20210620,20200621,日,‐,‐,0,0,0%,0%,0,0,0,0,0,0%,0,0,0%
MD25週,,,‐,‐,0,"183,490",0%,103.38%,"177,498","183,590",100,147,118,124.58%,"1,248","1,504",82.98%
20210621,20200622,月,‐,にわか雨,0,0,0%,0%,"7,480",0,0,0,7,0%,0,"1,069",0%
20210622,20200623,火,曇り,にわか雨,0,"26,124",0%,140.25%,"18,627","26,124",0,26,15,173.33%,"1,005","1,242",80.91%
20210623,20200624,水,曇り,曇り,0,"17,772",0%,54.9%,"32,374","17,772",0,15,18,83.33%,"1,185","1,799",65.88%
20210624,20200625,木,曇り,にわか雨,0,"36,942",0%,107.18%,"34,466","36,942",0,33,16,206.25%,"1,119","2,154",51.97%
20210625,20200626,金,雨,曇り,0,"36,519",0%,83.52%,"43,727","36,519",0,29,21,138.1%,"1,259","2,082",60.48%
20210626,20200627,土,曇り,霧,0,"44,604",0%,142.03%,"31,405","44,604",0,25,19,131.58%,"1,784","1,653",107.94%
20210627,20200628,日,‐,‐,0,0,0%,0%,0,0,0,0,0,0%,0,0,0%
MD26週,,,‐,‐,0,"161,961",0%,96.36%,"168,079","161,961",0,128,96,133.33%,"1,265","1,751",72.27%
20210628,20200629,月,曇り,曇り,0,"16,570",0%,40.12%,"41,305","16,570",0,15,19,78.95%,"1,105","2,174",50.81%
20210629,20200630,火,曇り,雨,0,"25,520",0%,33.2%,"76,872","25,520",0,24,19,126.32%,"1,063","4,046",26.28%
20210630,20200701,水,曇り,にわか雨,0,"33,141",0%,213.26%,"15,540","33,141",0,30,12,250%,"1,105","1,295",85.31%
MD27週,,,‐,‐,0,"102,365",0%,84.75%,"120,778","102,365",0,66,64,103%,"1,551","1,887",82.19%
20210701,20200702,木,雨,曇り,0,"30,161",0%,45.84%,"65,800","30,161",0,23,41,56%,"1,311","1,605",81.71%
20210702,20200703,金,霧,曇り,0,"38,072",0%,77.72%,"48,983","38,072",0,25,18,138.89%,"1,523","2,721",55.96%
20210703,20200704,土,にわか雨,曇り,0,"34,132",0%,569.34%,"5,995","34,132",0,18,5,360%,"1,896","1,199",158.15%
20210704,20200705,日,‐,‐,0,0,0%,0%,0,0,0,0,0,0%,0,0,0%
20210705,20200706,月,‐,霧,0,0,0%,0%,"18,114",0,0,0,14,0%,0,"1,294",0%
20210706,20200707,火,雨,曇り,0,"31,675",0%,106.73%,"29,678","31,675",0,31,28,110.71%,"1,022","1,060",96.4%
20210707,20200708,水,霧,にわか雨,0,"19,567",0%,157.4%,"12,431","19,567",0,18,10,180%,"1,087","1,243",87.45%
20210708,20200709,木,曇り,曇り,0,"21,755",0%,145.77%,"14,924","21,755",0,19,14,135.71%,"1,145","1,066",107.41%
20210709,20200710,金,にわか雨,にわか雨,0,"36,918",0%,113.19%,"32,616","36,918",0,28,15,186.67%,"1,319","2,174",60.64%
20210710,20200711,土,霧,曇り,0,"42,540",0%,503.31%,"8,452","42,540",0,22,6,366.67%,"1,934","1,409",137.27%
20210711,20200712,日,‐,‐,0,0,0%,0%,0,0,0,0,0,0%,0,0,0%
MD28週,,,‐,‐,0,"152,455",0%,131.18%,"116,215","152,455",0,118,87,135.63%,"1,292","1,336",96.72%
20210712,20200713,月,曇り,曇り,0,"31,225",0%,157.73%,"19,797","31,225",0,29,18,161.11%,"1,077","1,100",97.9%
20210713,20200714,火,曇り,にわか雨,0,"30,420",0%,162.07%,"18,770","30,420",0,30,17,176.47%,"1,014","1,104",91.84%
20210714,20200715,水,曇り,雨,0,"33,626",0%,96.7%,"34,774","33,626",0,28,19,147.37%,"1,201","1,830",65.62%
20210715,20200716,木,曇り,曇り,0,"32,708",0%,100.89%,"32,419","32,708",0,30,27,111.11%,"1,090","1,201",90.8%
20210716,20200717,金,曇り,にわか雨,0,"14,320",0%,59.17%,"24,201","14,320",0,14,21,66.67%,"1,023","1,152",88.76%
20210717,20200718,土,晴れ,にわか雨,0,"57,970",0%,222.35%,"26,071","60,370","2,400",31,13,238.46%,"1,870","2,005",93.25%
20210718,20200719,日,‐,‐,0,0,0%,0%,0,0,0,0,0,0%,0,0,0%
MD29週,,,‐,‐,0,"200,269",0%,128.35%,"156,032","202,669","2,400",162,115,140.87%,"1,236","1,357",91.11%
20210719,20200720,月,‐,曇り,0,0,0%,0%,"36,137",0,0,0,28,0%,0,"1,291",0%
20210720,20200721,火,曇り,曇り,0,"27,401",0%,97.88%,"27,995","27,401",0,26,21,123.81%,"1,054","1,333",79.06%
20210721,20200722,水,曇り,にわか雨,0,"28,030",0%,118.33%,"23,688","28,030",0,26,18,144.44%,"1,078","1,316",81.92%
20210722,20200723,木,‐,‐,0,0,0%,0%,0,0,0,0,0,0%,0,0,0%
20210723,20200724,金,‐,‐,0,0,0%,0%,0,0,0,0,0,0%,0,0,0%
20210724,20200725,土,曇り,曇り,0,"26,078",0%,80.46%,"32,410","26,078",0,13,15,86.67%,"2,006","2,161",92.84%
20210725,20200726,日,‐,‐,0,0,0%,0%,0,0,0,0,0,0%,0,0,0%
MD30週,,,‐,‐,0,"81,509",0%,67.79%,"120,230","81,509",0,65,82,79.27%,"1,254","1,466",85.53%
20210726,20200727,月,曇り,曇り,0,"12,625",0%,84.7%,"14,906","12,625",0,12,13,92.31%,"1,052","1,147",91.76%
20210727,20200728,火,曇り,曇り,0,"22,415",0%,85.32%,"26,273","22,415",0,22,26,84.62%,"1,019","1,011",100.83%
20210728,20200729,水,曇り,雨,0,"23,085",0%,100.49%,"22,972","24,085","1,000",24,20,120%,962,"1,149",83.74%
20210729,20200730,木,曇り,雨,0,"34,543",0%,148.71%,"23,229","34,543",0,28,21,133.33%,"1,234","1,106",111.53%
20210730,20200731,金,曇り,曇り,0,"25,122",0%,46.79%,"53,695","25,122",0,20,26,76.92%,"1,256","2,065",60.82%
20210731,20200801,土,曇り,曇り,0,"18,830",0%,69.17%,"27,223","18,830",0,14,16,87.5%,"1,345","1,701",79.05%
MD31週,,,‐,‐,0,0,0%,0.00%,0,0,0,0,0,0.00%,0,0,0.00%
20210801,20200802,日,‐,‐,0,0,0%,0.00%,0,0,0,0,0,0.00%,0,0,0.00%
20210802,20200803,月,‐,晴れ,0,0,0%,0%,"20,900",0,0,0,18,0%,0,"1,161",0%
20210803,20200804,火,晴れ,晴れ,0,"18,977",0%,162.49%,"11,679","18,977",0,17,11,154.55%,"1,116","1,062",105.14%
20210804,20200805,水,晴れ,晴れ,0,"17,994",0%,126.32%,"14,245","17,994",0,15,13,115.38%,"1,200","1,096",109.48%
20210805,20200806,木,晴れ,曇り,0,"12,532",0%,24.84%,"50,445","12,532",0,12,21,57.14%,"1,044","2,402",43.48%
20210806,20200807,金,晴れ,曇り,0,"29,392",0%,116.32%,"25,268","29,392",0,27,18,150%,"1,089","1,404",77.55%
20210807,20200808,土,曇り,曇り,0,"15,804",0%,378.09%,"4,180","15,804",0,12,3,400%,"1,317","1,393",94.52%
20210808,20200809,日,‐,‐,0,0,0%,0%,0,0,0,0,0,0%,0,0,0%
MD32週,,,‐,‐,0,"94,699",0%,74.73%,"126,717","94,699",0,83,84,98.81%,"1,141","1,509",75.63%
20210809,20200810,月,‐,‐,0,0,0%,0%,0,0,0,0,0,0%,0,0,0%
20210810,20200811,火,晴れ,曇り,0,"18,372",0%,211.85%,"8,672","18,372",0,17,8,212.5%,"1,081","1,084",99.7%
20210811,20200812,水,曇り,曇り,0,"13,075",0%,49.32%,"26,510","13,075",0,13,23,56.52%,"1,006","1,153",87.26%
20210812,20200813,木,曇り,晴れ,0,"43,911",0%,277.2%,"15,841","43,911",0,33,13,253.85%,"1,331","1,219",109.2%
20210813,20200814,金,‐,‐,0,0,0%,0%,0,0,0,0,0,0%,0,0,0%
20210814,20200815,土,‐,‐,0,0,0%,0%,0,0,0,0,0,0%,0,0,0%
20210815,20200816,日,‐,‐,0,0,0%,0%,0,0,0,0,0,0%,0,0,0%
MD33週,,,‐,‐,0,"75,358",0%,147.69%,"51,023","75,358",0,63,44,143.18%,"1,196","1,160",103.15%
20210816,20200817,月,‐,‐,0,0,0%,0%,0,0,0,0,0,0%,0,0,0%
20210817,20200818,火,曇り,曇り,0,"17,762",0%,76.83%,"23,119","17,762",0,16,22,72.73%,"1,110","1,051",105.64%
20210818,20200819,水,曇り,曇り,0,"20,822",0%,68.67%,"30,324","21,822","1,000",22,22,100%,946,"1,378",68.67%
20210819,20200820,木,晴れ,晴れ,0,"27,612",0%,104.88%,"26,328","27,612",0,26,24,108.33%,"1,062","1,097",96.81%
20210820,20200821,金,晴れ,晴れ,0,"26,636",0%,70.61%,"37,721","26,636",0,23,33,69.7%,"1,158","1,143",101.31%
20210821,20200822,土,雨,曇り,0,"33,282",0%,146.52%,"22,715","33,282",0,22,12,183.33%,"1,513","1,893",79.92%
20210822,20200823,日,‐,‐,0,0,0%,0%,0,0,0,0,0,0%,0,0,0%
MD34週,,,‐,‐,0,"126,114",0%,89.95%,"140,207","127,114","1,000",109,113,96.46%,"1,157","1,241",93.25%
20210823,20200824,月,雨,曇り,0,"33,096",0%,196.65%,"16,830","33,096",0,21,17,123.53%,"1,576",990,159.19%
20210824,20200825,火,曇り,曇り,0,"34,205",0%,92.36%,"37,035","34,205",0,25,30,83.33%,"1,368","1,235",110.83%
20210825,20200826,水,曇り,晴れ,0,"15,372",0%,89.39%,"17,197","15,372",0,14,14,100%,"1,098","1,228",89.39%
20210826,20200827,木,曇り,曇り,0,"25,172",0%,156.72%,"16,062","25,172",0,20,15,133.33%,"1,259","1,071",117.54%
20210827,20200828,金,晴れ,曇り,0,"22,432",0%,126.53%,"17,729","24,522","2,090",15,16,93.75%,"1,495","1,108",134.96%
20210828,20200829,土,曇り,晴れ,0,"93,320",0%,314.79%,"29,645","93,320",0,42,17,247.06%,"2,222","1,744",127.42%
20210829,20200830,日,‐,‐,0,0,0%,0%,0,0,0,0,0,0%,0,0,0%
MD35週,,,‐,‐,0,"223,597",0%,166.25%,"134,498","225,687","2,090",137,109,125.69%,"1,632","1,234",132.27%
20210830,20200831,月,晴れ,曇り,0,"34,579",0%,182.23%,"18,975","34,579",0,24,17,141.18%,"1,441","1,116",129.08%
20210831,20200901,火,曇り,曇り,0,"26,446",0%,101.58%,"26,034","26,446",0,23,22,104.55%,"1,150","1,183",97.17%
MD36週,,,‐,‐,0,"82,882",0%,96.64%,"85,766","82,882",0,55,73,75.34%,"1,507","1,175",128.26%
20210901,20200902,水,にわか雨,曇り,0,"14,940",0%,54.29%,"27,519","14,940",0,13,25,52.00%,"1,149","1,101",104.40%
20210902,20200903,木,にわか雨,にわか雨,0,"17,869",0%,97.56%,"18,316","17,869",0,17,14,121.43%,"1,051","1,308",80.34%
20210903,20200904,金,霧,晴れ,0,"21,138",0%,132.22%,"15,987","21,138",0,15,15,100%,"1,409","1,066",132.22%
20210904,20200905,土,曇り,曇り,0,"28,935",0%,120.84%,"23,944","28,935",0,10,19,52.63%,"2,894","1,260",229.6%
20210905,20200906,日,‐,‐,0,0,0%,0%,0,0,0,0,0,0%,0,0,0%
20210906,20200907,月,‐,‐,0,0,0%,0%,0,0,0,0,0,0%,0,0,0%
20210907,20200908,火,曇り,晴れ,0,"35,200",0%,122%,"28,853","35,200",0,24,24,100%,"1,467","1,202",122%
20210908,20200909,水,曇り,晴れ,0,"40,874",0%,193.69%,"21,103","40,874",0,23,20,115%,"1,777","1,055",168.42%
20210909,20200910,木,にわか雨,曇り,0,"48,385",0%,213.79%,"22,632","48,385",0,20,24,83.33%,"2,419",943,256.55%
20210910,20200911,金,曇り,曇り,0,"45,163",0%,218.84%,"20,637","45,663",500,38,20,190%,"1,189","1,032",115.18%
20210911,20200912,土,曇り,曇り,0,"64,111",0%,149.51%,"42,882","64,111",0,30,27,111.11%,"2,137","1,588",134.56%
20210912,20200913,日,‐,‐,0,0,0%,0%,0,0,0,0,0,0%,0,0,0%
MD37週,,,‐,‐,0,"233,733",0%,171.73%,"136,107","234,233",500,135,115,117.39%,"1,731","1,184",146.29%
20210913,20200914,月,曇り,曇り,0,"24,623",0%,103.45%,"23,801","24,623",0,24,23,104.35%,"1,026","1,035",99.14%
20210914,20200915,火,曇り,曇り,0,"22,490",0%,101.97%,"22,056","22,490",0,20,23,86.96%,"1,125",959,117.26%
20210915,20200916,水,曇り,曇り,0,"27,622",0%,92.8%,"29,764","27,622",0,22,24,91.67%,"1,256","1,240",101.24%
20210916,20200917,木,曇り,曇り,0,"33,650",0%,122.92%,"27,376","33,650",0,22,24,91.67%,"1,530","1,141",134.09%
20210917,20200918,金,雨,曇り,0,"24,287",0%,99.68%,"24,366","24,287",0,24,23,104.35%,"1,012","1,059",95.52%
20210918,20200919,土,曇り,曇り,0,"8,467",0%,15.29%,"55,363","8,467",0,3,36,8.33%,"2,822","1,538",183.52%
20210919,20200920,日,‐,‐,0,0,0%,0%,0,0,0,0,0,0%,0,0,0%
MD38週,,,‐,‐,0,"141,139",0%,77.24%,"182,726","141,139",0,115,153,75.16%,"1,227","1,194",102.76%
20210920,20200921,月,‐,‐,0,0,0%,0%,0,0,0,0,0,0%,0,0,0%
20210921,20200922,火,曇り,‐,0,"14,215",0%,0%,0,"14,215",0,14,0,0%,"1,015",0,0%
20210922,20200923,水,雨,曇り,0,"21,340",0%,60.53%,"35,256","21,340",0,21,23,91.3%,"1,016","1,533",66.29%
20210923,20200924,木,‐,霧,0,0,0%,0%,"19,379",0,0,0,17,0%,0,"1,140",0%
20210924,20200925,金,晴れ,霧,0,"24,299",0%,69.51%,"34,956","24,299",0,22,29,75.86%,"1,105","1,205",91.63%
20210925,20200926,土,曇り,曇り,0,"33,260",0%,163.61%,"20,329","33,260",0,17,14,121.43%,"1,956","1,452",134.74%
20210926,20200927,日,‐,‐,0,0,0%,0%,0,0,0,0,0,0%,0,0,0%
MD39週,,,‐,‐,0,"93,114",0%,84.71%,"109,920","93,114",0,74,83,89.16%,"1,258","1,324",95.01%
20210927,20200928,月,晴れ,曇り,0,"31,985",0%,129.53%,"24,693","31,985",0,29,26,111.54%,"1,103",950,116.13%
20210928,20200929,火,曇り,曇り,0,"30,205",0%,56.46%,"53,501","30,205",0,25,40,62.5%,"1,208","1,338",90.33%
20210929,20200930,水,晴れ,曇り,0,"25,263",0%,102.45%,"24,660","25,609",346,22,22,100%,"1,148","1,121",102.45%
20210930,20201001,木,曇り,雨,0,"26,940",0%,94.94%,"28,377","26,940",0,25,25,100%,"1,078","1,135",94.94%
MD40週,,,‐,‐,0,"114,393",0%,87.17%,"131,231","114,739",346,101,113,89.38%,"1,133","1,161",97.53%